Vendor,Product_name,Product_URL
GE HealthCare,Voluson Women’s Health,https://www.gehealthcare.com/products/ultrasound/voluson
GE HealthCare,LOGIQ General Imaging,https://www.gehealthcare.com/products/ultrasound/logiq
GE HealthCare,Vivid™ Ultra Edition,https://www.gehealthcare.com/products/ultrasound/vivid
GE HealthCare,Handheld Ultrasound: Vscan Air™,https://www.gehealthcare.com/products/ultrasound/handheld-ultrasound
GE HealthCare,Primary Care Ultrasound,https://www.gehealthcare.com/products/ultrasound/primary-care
GE HealthCare,Point of Care Ultrasound,https://www.gehealthcare.com/products/ultrasound/point-of-care-ultrasound
GE HealthCare,ABUS Breast Imaging,https://www.gehealthcare.com/products/ultrasound/breast-ultrasound
GE HealthCare,Surgical Visualization & Guidance,https://www.bkmedical.com/
GE HealthCare,Verisound Digital & AI Ultrasound Solutions,https://www.gehealthcare.com/products/ultrasound/ultrasound-digital-solutions
